change_after,change_by,unsampled_captures,added,removed
2017-08-05,2018-02-03,0,Flaming Kitchen; Madison Square Garden; Prune; Hanoi House; Momofuku Ssäm Bar; Aldea; Cote Korean Steakhouse; Sullivan Street Bakery; Jongro BBQ; Sakagura; The Grill; Victor's Cafe; Charles Country Pan Fried Chicken; Dumpling Galaxy,The Odeon; Mission Chinese Food; Lure Fishbar; Somtum Der; Momofuku Noodle Bar; Gramercy Tavern; Cosme; The NoMad Restaurant; The Breslin; New Wonjo; Patsy's Pizza - East Harlem; Casa Enrique; Prime Meats
2018-02-18,2018-07-11,0,Ping Seafood Restaurant; Yankee Stadium; Atla; Her Name is Han; MáLà Project; Torishin; Gregory's 26 Corner Taverna; Win Son; Peppa's; Claro; Ugly Baby,Flaming Kitchen; Madison Square Garden; Prune; Oiji; Jongro BBQ; Sakagura; Indian Accent; Boulud Sud; Flora Bar; Mu Ramen; El Atoradero Brooklyn
2018-07-16,2018-10-01,0,,Yankee Stadium
2018-10-03,2019-01-19,0,Kopitiam; Xi'an Famous Foods; Frenchette; Tomiño Taberna Gallega; Fish Cheeks; Via Carota; Madame Vo; Rahi; Nur; Bolivian Llama Party; Roberto's; Szechuan Mountain House; Chez Ma Tante; Ops,Ping Seafood Restaurant; Spicy Village; Wildair; Uncle Boons; Balthazar; I Sodi; Hanoi House; Aldea; MáLà Project; Victor's Cafe; Dumpling Galaxy; Lilia; St. Anselm; Roberta's
2019-02-02,2019-04-17,0,Adda Indian Canteen; Di An Di; Harry & Ida's Meat and Supply Co.; Le Sia; Cervo's,Tomiño Taberna Gallega; Madame Vo; Rahi; Szechuan Mountain House; Ugly Baby
2019-05-28,2019-07-21,0,Noda; Atomix; E.A.K. Ramen (West Village); Scarr's Pizza; MeMe's Diner; Haenyeo,Torishin; Sullivan Street Bakery; Her Name is Han; Shuko; Chez Ma Tante; Le Coucou
2019-08-15,2019-10-23,0,"Liebman’s Deli; La Morada; Flora Bar; Fiaschetteria ""Pistoia""; Miss Ada",Roberto's; Cote Korean Steakhouse; Nur; Marlow & Sons; Claro
2019-10-23,2019-12-05,0,Gertie,Harry & Ida's Meat and Supply Co.
2019-12-05,2020-03-18,0,Africa Kine; Sushi Noz; Le Bernardin; Haidilao; Farida; Momofuku Kāwi; Rezdôra; Llama San,Charles' Country Pan Fried Chicken; The Grill; Noda; Via Carota; Momofuku Ssäm Bar; Le Sia; Cheburechnaya; La Vara
2020-11-12,2020-11-21,0,Mario's; Fieldtrip; Yu Kitchen; Golden Palace Gourmet; Birria-Landia; Qanoon Restaurant; Bread & Salt; Jeju Noodle Bar; NY Dosas; Crop Circle; Thai Diner; Yi Ji Shi Mo; Jing Fong; Golden Diner; Ugly Baby; Denino’s Pizzeria & Tavern,Liebman’s Deli; Gregory's 26 Corner Taverna; Flora Bar; Le Bernardin; Haidilao; Momofuku Kāwi; Atomix; Los Tacos No. 1; E.A.K. Ramen (West Village); Fish Cheeks; Cervo's; Gertie; Peter Luger Steak House; Win Son; MeMe's Diner; Olmsted
2021-01-06,2021-01-22,0,Peaches HotHouse; A&A Bake Doubles and Roti,Llama San; Superiority Burger
2021-03-17,2021-04-21,0,Tony & Tina's Pizzeria; Happy Hot Hunan; Via Carota; Bolero; Bo Ky; Wu's Wonton King; Bunna Cafe; Court Street Grocers; Kashkar Cafe,Mario's; Yu Kitchen; Rezdôra; Atla; Frenchette; Jing Fong; Kopitiam; Ugly Baby; Hometown Bar-B-Que
2021-04-24,2021-06-14,0,Hudson Smokehouse; Bánh Vietnamese Shop House; Blue Willow; Ruta Oaxaca Mexican Cuisine; Chez Ma Tante; Dhamaka; Cervo's; Ernesto's; Tong; Falansai; Ras Plant Based; Chuan Tian Xia; Coszcal De Allende,"Tony & Tina's Pizzeria; La Morada; Happy Hot Hunan; Qanoon Restaurant; Adda Indian Canteen; Jeju Noodle Bar; Crop Circle; Fiaschetteria ""Pistoia""; Yi Ji Shi Mo; Bo Ky; Scarr's Pizza; Xi'an Famous Foods; Court Street Grocers"
2021-10-11,2021-10-15,0,Mariscos El Submarino; Jua; Cadence; Gage & Tollner; Indian Table; Winner; Ayat,Fieldtrip; Farida; Via Carota; Chez Ma Tante; Bolero; Peaches HotHouse; Ras Plant Based
2021-12-20,2022-01-22,0,Liebman’s Deli; Nepali Bhanchha Ghar; Yellow Rose; Soothr; Dame; Taqueria Ramirez; The Four Horsemen; L'Industrie Pizzeria; Killmeyer's,Di An Di; Katz's Delicatessen; Thai Diner; Cervo's; Ernesto's; Tong; Ops; Miss Ada; Denino’s Pizzeria & Tavern
2022-04-07,2022-04-26,0,Kingston Tropical Bakery; Playground; Shuko; CheLi; Mel; Saga; Al Badawi,Sushi Noz; Blue Willow; Soothr; Indian Table; Haenyeo; Winner; Ayat
2022-06-16,2022-08-11,0,Katz's Delicatessen; Bamonte's; Aldama,Liebman’s Deli; CheLi; Gage & Tollner
2022-09-22,2022-10-13,0,Malecon; Marea; New World Mall; Zaab Zaab; Semma; I Sodi; Veselka; Great NY Noodletown; La Vara; Hometown Bar-B-Que,Hudson Smokehouse; Playground; Bread & Salt; Dame; Cadence; Katz's Delicatessen; Dhamaka; Mel; Falansai; Saga
2022-12-27,2023-01-13,0,Claudy’s Empanadas; Dominick's; Charles Pan-Fried Chicken; Pastrami Queen; Haidilao Hot Pot; Urban Hawker; Koloman; Corner Bar; Dept of Culture; Ugly Baby,Africa Kine; Birria-Landia; Jua; Bolivian Llama Party; I Sodi; Yellow Rose; Bamonte's; Wu's Wonton King; Golden Diner; Peppa's
2023-03-21,2023-03-28,0,Roberto's; Papaye; Sylvia's; Le Bernardin; Szechuan Mountain House; Grand Central Oyster Bar; Keens Steakhouse; Baekjeong; Sushi On Me; Noz 17; Los Tacos No.1; Chama Mama; Via Carota; B&H Dairy; Raku; Ho Foods; Balthazar; Russ & Daughters; Katz's Delicatessen; Una Pizza Napoletana; Thai Diner; The Original Buddha Bodai Kosher Vegetarian Restaurant; Kopitiam; Misi; Ayat; Joe's of Avenue U,Claudy’s Empanadas; Kingston Tropical Bakery; Dominick's; Malecon; Charles Pan-Fried Chicken; Pastrami Queen; Marea; Urban Hawker; Ruta Oaxaca Mexican Cuisine; New World Mall; Golden Palace Gourmet; Mariscos El Submarino; Nepali Bhanchha Ghar; Zaab Zaab; Shuko; Veselka; Corner Bar; Aldama; Bunna Cafe; Al Badawi; La Vara; A&A Bake Doubles and Roti; Chuan Tian Xia; Coszcal De Allende; Kashkar Cafe; Killmeyer's
2023-04-12,2023-04-19,0,Russ & Daughters Cafe,Russ & Daughters
2023-05-30,2023-07-13,0,Gallaghers Steakhouse; Ci Siamo; Mariscos El Submarino; S&P; Superiority Burger; Bánh Mì Saigon; Dhamaka; While in Kathmandu,Keens Steakhouse; Los Tacos No.1; Semma; NY Dosas; Ho Foods; The Original Buddha Bodai Kosher Vegetarian Restaurant; Kopitiam; Joe's of Avenue U
2023-10-03,2023-10-13,0,Pranakhon; Win Son; A&A Bake Doubles and Roti,B&H Dairy; Thai Diner; Dept of Culture
2023-11-28,2024-01-13,0,Liebman’s Deli; Hyderabadi Zaiqa; Café China; Jongro Gopchang; Tosokchon; Nepali Bhanchha Ghar; Ayada; Semma; Sushi Ichimura; Odeon; Uncle Lou,Papaye; Haidilao Hot Pot; Szechuan Mountain House; Baekjeong; Noz 17; Pranakhon; Russ & Daughters Cafe; Bánh Mì Saigon; Dhamaka; Great NY Noodletown; While in Kathmandu
2024-03-17,2024-04-09,0,Agnanti; Woorijip; Awang Kitchen; Uluh; Mam,Bánh Vietnamese Shop House; Café China; Jongro Gopchang; Sushi On Me; Hometown Bar-B-Que
2024-06-17,2024-07-11,0,Abuqir; Keens Steakhouse; Jongro BBQ; Bangkok Supper Club; Don Angie; Monte's Trattoria; Hamburger America; Royal Seafood,Agnanti; Gallaghers Steakhouse; Ci Siamo; Woorijip; Tosokchon; Ayada; Uncle Lou; Ayat
2024-10-07,2024-10-10,0,Cha Long; Kanyakumari; Ho Foods; Le Gratin,Bangkok Supper Club; Monte's Trattoria; Odeon; Win Son
2025-01-06,2025-01-15,0,Cafe Boulud; Le Veau d'Or; Sky Pavilion; I Sodi; Kisa; Sailor; Cafe Kestrel,Mariscos El Submarino; Koloman; Via Carota; Uluh; Raku; Le Gratin; Ugly Baby
2025-04-05,2025-04-18,0,Noz Market; 2nd Ave Deli; Zaab Zaab; Carnitas Ramirez; Golden Diner; Rolo’s; Saint Julivert; Ayat,Liebman’s Deli; Jongro BBQ; Don Angie; Awang Kitchen; Taqueria Ramirez; Katz's Delicatessen; Sushi Ichimura; Royal Seafood
2025-07-02,2025-07-08,0,Txikito; Via Carota; Claud; Lilia,Kanyakumari; I Sodi; Misi; Saint Julivert
2025-09-29,2025-10-08,0,La Piraña Lechonera; Cafe Commerce; Restaurant Daniel; Adda; Sunn’s; Red Hook Tavern,Roberto’s; Cafe Boulud; S&P; Semma; Kisa; Cafe Kestrel
2025-12-18,2026-01-13,0,Charles Pan-Fried Chicken; Kabawa; Al Badawi; Bong,Sylvia’s; Cha Long; 2nd Ave Deli; Ayat
2026-03-14,2026-04-06,0,Gallaghers Steakhouse; Borgo; Filé Gumbo Bar; Lei; Ernesto’s,Restaurant Daniel; Keens Steakhouse; Txikito; Ho Foods; Sailor
2026-07-09,2026-07-10,0,Makina Cafe Ethiopian-Eritrean Eatery; S&P Lunch; Zimmi’s; Crevette; Smithereens; Vato,Charles Pan-Fried Chicken; Cafe Commerce; Grand Central Oyster Bar; Via Carota; L’Industrie Pizzeria; Red Hook Tavern
2026-08-13,2026-08-13,0,Coqodaq,
