place,stretches,periods,on_list_now,lat,lng,address
2nd Ave Deli,1,2025-04-18 to 2025-12-18,no,40.745132,-73.979233,"162 E 33rd St, New York, NY, 10016, US"
A&A Bake Doubles and Roti,2,2021-01-22 to 2023-03-21; 2023-10-13 to 2026-09-21,yes,40.680491,-73.947949,"1337 Fulton Street, Brooklyn, NY 11216"
Abuqir,1,2024-07-11 to 2026-09-21,yes,40.768398,-73.911003,"2419 Steinway St, Astoria, NY, 11103, US"
Adda,2,2019-04-17 to 2021-04-24; 2025-10-08 to 2026-09-21,yes,40.726842,-73.986245,"107 1st Ave, New York, NY, 10003, US"
Africa Kine,1,2020-03-18 to 2022-12-27,no,40.814159,-73.944111,"2267 Adam Clayton Powell Jr Blvd, New York, NY 10027"
Agnanti,1,2024-04-09 to 2024-06-17,no,40.780993,-73.91789,"1906 Ditmars Blvd (at 19th St), Astoria, NY 11105"
Al Badawi,2,2022-04-26 to 2023-03-21; 2026-01-13 to 2026-09-21,yes,40.690641,-73.995003,"151 Atlantic Ave, Brooklyn, NY, 11201, US"
Aldama,1,2022-08-11 to 2023-03-21,no,40.711038,-73.964891,"91 S 6th St, Brooklyn, NY 11249"
Aldea,1,2018-02-03 to 2018-10-03,no,40.738798,-73.993752,"31 W 17th St New York, NY 10011"
Atla,1,2018-07-11 to 2021-03-17,no,40.727163,-73.993991,"372 Lafayette St New York, NY 10012"
Atomix,1,2019-07-21 to 2020-11-12,no,40.744208,-73.982863,"104 E 30th St New York, NY 10016"
Awang Kitchen,1,2024-04-09 to 2025-04-05,no,40.737429,-73.879089,"8405 Queens Blvd, New York, NY 11373"
Ayada,1,2024-01-13 to 2024-06-17,no,40.743433,-73.887621,"7708 Woodside Ave (btwn 77th & 78th St), Elmhurst, NY 11373"
Ayat,3,2021-10-15 to 2022-04-07; 2023-03-28 to 2024-06-17; 2025-04-18 to 2025-12-18,no,40.624218,-74.03093,"8504 3rd Avenue, Brooklyn, NY, 11209"
B&H Dairy,1,2023-03-28 to 2023-10-03,no,40.728466,-73.988132,"127 2nd Ave, New York, NY 10003"
Baekjeong,1,2023-03-28 to 2023-11-28,no,40.747118,-73.985035,"1 E 32nd St, New York, NY 10016"
Balthazar,2,2017-08-05 to 2018-10-03; 2023-03-28 to 2026-09-21,yes,40.722668,-73.99823,"80 Spring St, New York, NY, 10012, US"
Bamonte's,1,2022-08-11 to 2022-12-27,no,40.716495,-73.951208,"32 Withers St, Brooklyn, NY 11211"
Bangkok Supper Club,1,2024-07-11 to 2024-10-07,no,40.739035,-74.005802,"641 Hudson St (at Jane St), New York, NY 10014"
Birria-Landia,1,2020-11-21 to 2022-12-27,no,40.74752,-73.888239,"77-99 Roosevelt Ave, Queens, NY 11372"
Blue Willow,1,2021-06-14 to 2022-04-07,no,40.762926,-73.976539,"40 W 56th St New York, NY 10019"
Bo Ky,1,2021-04-21 to 2021-04-24,no,40.715838,-73.998707,"80 Bayard St New York, NY 10013"
Bolero,1,2021-04-21 to 2021-10-11,no,40.717948,-73.957326,"177 Bedford Ave Brooklyn, NY 11211"
Bolivian Llama Party,1,2019-01-19 to 2022-12-27,no,40.739291,-73.920777,"44-14 48th Ave, Queens, NY 11377"
Bong,1,2026-01-13 to 2026-09-21,yes,40.672693,-73.954813,"724 Sterling Pl, Brooklyn, NY, 11216, US"
Borgo,1,2026-04-06 to 2026-09-21,yes,40.742159,-73.983503,"124 E 27th St, New York, NY, 10016, US"
Boulud Sud,1,2017-08-05 to 2018-02-18,no,40.77197698419511,-73.9818177971927,"20 W 64th St New York, NY"
Bread & Salt,1,2020-11-21 to 2022-09-22,no,40.879677,-73.921458,"435 Palisade Ave, Jersey City, NJ 07307"
Bunna Cafe,1,2021-04-21 to 2023-03-21,no,40.704878,-73.927825,"1084 Flushing Ave, Brooklyn, NY 11237"
Bánh Mì Saigon,1,2023-07-13 to 2023-11-28,no,40.719323,-73.996697,"198 Grand St, New York, NY 10013"
Bánh Vietnamese Shop House,1,2021-06-14 to 2024-03-17,no,40.781283,-73.979333,"942 Amsterdam Ave, New York, NY 10024"
Cadence,1,2021-10-15 to 2022-09-22,no,40.726661,-73.984487,"111 E 7th St, New York, NY 10009"
Cafe Boulud,1,2025-01-15 to 2025-09-29,no,40.765082,-73.967603,"100 East 63rd Street, New York, New York 10065"
Cafe Commerce,1,2025-10-08 to 2026-07-09,no,40.76941879473296,-73.96320104598999,"964 Lexington Ave, New York, NY 10021"
Cafe Kestrel,1,2025-01-15 to 2025-09-29,no,40.678716,-74.011066,"293 Van Brunt Street, Brooklyn, New York 11231"
Café China,1,2024-01-13 to 2024-03-17,no,40.75034199411,-73.983173963681,"13 E 37th St (btwn 5th Ave & Madison Ave), New York, NY 10016"
Carnitas Ramirez,1,2025-04-18 to 2026-09-21,yes,40.722503,-73.982831,"210 E 3rd St, New York, NY, 10009, US"
Casa Enrique,1,2017-08-05 to 2017-08-05,no,40.7433837980786,-73.95429342985153,"5-48 49th Ave Queens, NY"
Cervo's,2,2019-04-17 to 2020-11-12; 2021-06-14 to 2021-12-20,no,40.714896,-73.991318,"43 Canal St New York, NY 10002"
Cha Long,1,2024-10-10 to 2025-12-18,no,40.763956,-73.988977,"749 9th Ave, New York, NY, 10019, US"
Chama Mama,1,2023-03-28 to 2026-09-21,yes,40.738459,-73.99888,"149 West 14th Street, Manhattan, NY, 10011"
Charles Pan-Fried Chicken,3,2018-02-03 to 2019-12-05; 2023-01-13 to 2023-03-21; 2026-01-13 to 2026-07-09,no,40.812565,-73.955323,"439 W 125th St, New York, NY, 10027, US"
Cheburechnaya,1,2017-08-05 to 2019-12-05,no,40.727664828300476,-73.863976,"9209 63rd Dr Ste A Flushing, NY"
CheLi,1,2022-04-26 to 2022-06-16,no,40.729275,-73.988592,"19 St Marks Pl New York, NY 10003"
Chez Ma Tante,2,2019-01-19 to 2019-05-28; 2021-06-14 to 2021-10-11,no,40.726889,-73.957595,"90 Calyer St Brooklyn, NY 11222"
Chuan Tian Xia,1,2021-06-14 to 2023-03-21,no,40.639701,-74.009139,"5502 7th Ave, Brooklyn, NY 11220"
Ci Siamo,1,2023-07-13 to 2024-06-17,no,40.75307,-73.998559,"440 W 33rd St Suite #100, New York, NY 10001"
Claro,1,2018-07-11 to 2019-08-15,no,40.677442,-73.986287,"284 3rd Ave Brooklyn, NY 11215"
Claud,1,2025-07-08 to 2026-09-21,yes,40.730858,-73.989683,"90 E 10th St, New York, NY, 10003, US"
Claudy’s Empanadas,1,2023-01-13 to 2023-03-21,no,40.889918,-73.898574,"5981 Broadway, The Bronx, NY 10471"
Coqodaq,1,2026-08-13 to 2026-09-21,yes,40.740047,-73.988757,"12 E 22nd St, New York, NY 10010"
Corner Bar,1,2023-01-13 to 2023-03-21,no,40.714822,-73.992332,"60 Canal St, New York, NY 10002"
Cosme,1,2017-08-05 to 2017-08-05,no,40.739345544549906,-73.9883660914967,"35 E 21st St New York, NY"
Coszcal De Allende,1,2021-06-14 to 2023-03-21,no,40.636156,-74.026136,"6824 3rd Ave, Brooklyn, NY 11220"
Cote Korean Steakhouse,1,2018-02-03 to 2019-08-15,no,40.74099,-73.991429,"16 W 22nd St New York, NY 10010"
Court Street Grocers,1,2021-04-21 to 2021-04-24,no,40.676217,-73.998614,"485 Court St Brooklyn, NY 11231"
Crevette,1,2026-07-10 to 2026-09-21,yes,40.72949,-74.002692,"10 Downing St, New York, NY, 10014, US"
Crop Circle,1,2020-11-21 to 2021-04-24,no,40.729982,-74.000229,"126 MacDougal St New York, NY 10012"
Dame,1,2022-01-22 to 2022-09-22,no,40.729049,-74.00146,"87 MacDougal St, New York, NY 10012"
Denino’s Pizzeria & Tavern,1,2020-11-21 to 2021-12-20,no,40.630176,-74.140353,"524 Port Richmond Ave Staten Island, NY 10302"
Dept of Culture,1,2023-01-13 to 2023-10-03,no,40.687197,-73.950705,"327 Nostrand Ave., Brooklyn, NY 11216"
Dhamaka,2,2021-06-14 to 2022-09-22; 2023-07-13 to 2023-11-28,no,40.717928,-73.988044,"119 Delancey St, New York, NY 10002"
Di An Di,1,2019-04-17 to 2021-12-20,no,40.729583,-73.958256,"68 Greenpoint Ave Brooklyn, NY 11222"
Dominick's,1,2023-01-13 to 2023-03-21,no,40.854302,-73.888921,"2335 Arthur Ave, The Bronx, NY 10458"
Don Angie,1,2024-07-11 to 2025-04-05,no,40.737812,-74.002074,"103 Greenwich Ave, New York, NY 10014"
Dumpling Galaxy,1,2018-02-03 to 2018-10-03,no,40.754786,-73.827512,"42-35 Main St Flushing, NY 11355"
E.A.K. Ramen (West Village),1,2019-07-21 to 2020-11-12,no,40.735706,-73.998379,"469 6th Ave New York, NY 10011"
El Atoradero Brooklyn,1,2017-08-05 to 2018-02-18,no,40.67675577263091,-73.96368112928391,"708 Washington Ave Brooklyn, NY"
Ernesto’s,2,2021-06-14 to 2021-12-20; 2026-04-06 to 2026-09-21,yes,40.71428,-73.985419,"259 E Broadway, New York, NY, 10002, US"
Falansai,1,2021-06-14 to 2022-09-22,no,40.706688,-73.92875,"112 Harrison Pl, Brooklyn, NY 11237"
Farida,1,2020-03-18 to 2021-10-11,no,40.755624,-73.994269,"498 9th Ave New York, NY 10018"
"Fiaschetteria ""Pistoia""",1,2019-10-23 to 2021-04-24,no,40.726717,-73.977262,"647 E 11th St New York, NY 10009"
Fieldtrip,1,2020-11-21 to 2021-10-11,no,40.80161,-73.950417,"109 Malcolm X Blvd New York, NY 10026"
Filé Gumbo Bar,1,2026-04-06 to 2026-09-21,yes,40.718527,-74.004899,"275 Church St, New York, NY, 10013, US"
Fish Cheeks,1,2019-01-19 to 2020-11-12,no,40.725732,-73.992728,"55 Bond St New York, NY 10012"
Flaming Kitchen,1,2018-02-03 to 2018-02-18,no,40.717341,-73.995018,"97 Bowery New York, NY 10002"
Flora Bar,2,2017-08-05 to 2018-02-18; 2019-10-23 to 2020-11-12,no,40.77352187640244,-73.96402716636658,"945 Madison Ave New York, NY 10021"
Frenchette,1,2019-01-19 to 2021-03-17,no,40.719617,-74.005658,"241 W Broadway New York, NY 10013"
Gage & Tollner,1,2021-10-15 to 2022-06-16,no,40.691327,-73.987834,"372 Fulton St Brooklyn, NY 11201"
Gallaghers Steakhouse,2,2023-07-13 to 2024-06-17; 2026-04-06 to 2026-09-21,yes,40.762797,-73.98391,"228 W 52nd St, New York, NY, 10019, US"
Gertie,1,2019-12-05 to 2020-11-12,no,40.712462,-73.955631,"357 Grand St Brooklyn, NY 11211"
Golden Diner,2,2020-11-21 to 2022-12-27; 2025-04-18 to 2026-09-21,yes,40.712427,-73.994195,"123 Madison St Apt 2, New York, NY, 10002, US"
Golden Palace Gourmet,1,2020-11-21 to 2023-03-21,no,40.754275,-73.822538,"140-09 Cherry Ave, Queens, NY 11355"
Gramercy Tavern,1,2017-08-05 to 2017-08-05,no,40.73857555787898,-73.9883279800415,"42 E 20th St New York, NY"
Grand Central Oyster Bar,1,2023-03-28 to 2026-07-09,no,40.752579,-73.977314,"89 East 42nd Street, Manhattan, NY, 10017"
Great NY Noodletown,1,2022-10-13 to 2023-11-28,no,40.71504,-73.997177,"28 Bowery, New York, NY 10013"
Gregory's 26 Corner Taverna,1,2018-07-11 to 2020-11-12,no,40.776296,-73.915995,"26-02 23rd Ave Long Island City, NY 11105"
Haenyeo,1,2019-07-21 to 2022-04-07,no,40.675159,-73.981035,"239 5th Ave Brooklyn, NY 11215"
Haidilao Hot Pot,2,2020-03-18 to 2020-11-12; 2023-01-13 to 2023-11-28,no,40.76124,-73.82771,"138-23 39th Ave, Queens, NY 11354"
Hamburger America,1,2024-07-11 to 2026-09-21,yes,40.728013,-74.00257,"155 West Houston Street, New York, NY 10012"
Hanoi House,1,2018-02-03 to 2018-10-03,no,40.727034,-73.983518,"119 St Marks Pl New York, NY 10009"
Happy Hot Hunan,1,2021-04-21 to 2021-04-24,no,40.801346,-73.964679,"969 Amsterdam Ave New York, NY 10025"
Harry & Ida's Meat and Supply Co.,1,2019-04-17 to 2019-10-23,no,40.728989,-73.981662,"189 Avenue A New York, NY 10009"
Her Name is Han,1,2018-07-11 to 2019-05-28,no,40.74624,-73.984758,"17 E 31st St New York, NY 10016"
Ho Foods,2,2023-03-28 to 2023-05-30; 2024-10-10 to 2026-03-14,no,40.726288,-73.984825,"110 E 7th St, New York, NY, 10009, US"
Hometown Bar-B-Que,2,2017-08-05 to 2021-03-17; 2022-10-13 to 2024-03-17,no,40.67492612403677,-74.01620149612425,"454 Van Brunt St, Brooklyn, NY 11231"
Hudson Smokehouse,1,2021-06-14 to 2022-09-22,no,40.807112,-73.927653,"37 Bruckner Blvd, Bronx, NY 10454"
Hyderabadi Zaiqa,1,2024-01-13 to 2026-09-21,yes,40.74486,-73.981079,"184 Lexington Ave # 10016, New York, NY, 10016, US"
I Sodi,3,2017-08-05 to 2018-10-03; 2022-10-13 to 2022-12-27; 2025-01-15 to 2025-07-02,no,40.732789,-74.004053,"105 Christopher St (at Bleecker St), New York, NY 10014"
Indian Accent,1,2017-08-05 to 2018-02-18,no,40.76422134626763,-73.9787874855538,"123 W 56th St New York, NY"
Indian Table,1,2021-10-15 to 2022-04-07,no,40.686036,-73.994406,"234 Court St Brooklyn, NY 11201"
Jeju Noodle Bar,1,2020-11-21 to 2021-04-24,no,40.733042,-74.007233,"679 Greenwich St New York, NY 10014"
Jing Fong,1,2020-11-21 to 2021-03-17,no,40.715969,-73.996746,"20 Elizabeth St New York, NY 10013"
Joe's of Avenue U,1,2023-03-28 to 2023-05-30,no,,,
Jongro BBQ,2,2018-02-03 to 2018-02-18; 2024-07-11 to 2025-04-05,no,40.748289015143,-73.98817703639,"22 W 32nd St (btwn Broadway & 5th Ave), New York, NY 10001"
Jongro Gopchang,1,2024-01-13 to 2024-03-17,no,40.747534,-73.986931,"22 W 32nd St, New York, NY 10001"
Jua,1,2021-10-15 to 2022-12-27,no,40.7397,-73.987828,"36 E 22nd St, New York, NY 10010"
Kabawa,1,2026-01-13 to 2026-09-21,yes,40.724839,-73.991637,"8 Extra Pl, New York, NY, 10003, US"
Kanyakumari,1,2024-10-10 to 2025-07-02,no,40.737271,-73.991245,"20 East 17th Street, New York, New York 10003"
Kashkar Cafe,1,2021-04-21 to 2023-03-21,no,40.577856,-73.955285,"1141 Brighton Beach Ave, Brooklyn, NY 11235"
Katz's Delicatessen,3,2017-08-05 to 2021-12-20; 2022-08-11 to 2022-09-22; 2023-03-28 to 2025-04-05,no,40.72230706635953,-73.98735165596008,"205 E Houston St (at Ludlow St), New York, NY 10002"
Keens Steakhouse,2,2023-03-28 to 2023-05-30; 2024-07-11 to 2026-03-14,no,40.750711,-73.986519,"72 W 36th St, New York, NY, 10018, US"
Killmeyer's,1,2022-01-22 to 2023-03-21,no,40.538496,-74.237111,"4254 Arthur Kill Rd, Staten Island, NY 10309"
Kingston Tropical Bakery,1,2022-04-26 to 2023-03-21,no,40.888646,-73.859699,"4000 White Plains Rd, Bronx, NY 10466"
Kisa,1,2025-01-15 to 2025-09-29,no,40.722694,-73.989071,"205 Allen Street, New York, New York 10002"
Koloman,1,2023-01-13 to 2025-01-06,no,40.745664,-73.988135,"16 W 29th St, New York, NY 10001"
Kopitiam,2,2019-01-19 to 2021-03-17; 2023-03-28 to 2023-05-30,no,40.713791,-73.990896,"151 E Broadway, New York, NY 10002"
La Morada,1,2019-10-23 to 2021-04-24,no,40.810579,-73.921475,"308 Willis Ave The Bronx, NY 10454"
La Piraña Lechonera,1,2025-10-08 to 2026-09-21,yes,40.815576,-73.90649,"766 E 152nd St, Bronx, NY, 10455, US"
La Vara,2,2017-08-05 to 2019-12-05; 2022-10-13 to 2023-03-21,no,40.687824212725424,-73.99553968946574,"268 Clinton St, Brooklyn, NY 11201"
Le Bernardin,2,2020-03-18 to 2020-11-12; 2023-03-28 to 2026-09-21,yes,40.761421,-73.981758,"155 West 51st Street, New York, New York 10019"
Le Coucou,1,2017-08-05 to 2019-05-28,no,40.719052,-74.000061,"138 Lafayette St New York, NY"
Le Gratin,1,2024-10-10 to 2025-01-06,no,40.711199,-74.006899,"5 Beekman St, New York, NY 10038"
Le Sia,1,2019-04-17 to 2019-12-05,no,40.72889,-73.989829,"11 E 7th St New York, NY 10003"
Le Veau d’Or,1,2025-01-15 to 2026-09-21,yes,40.763208,-73.968103,"129 E 60th St, New York, NY 10022"
Lei,1,2026-04-06 to 2026-09-21,yes,40.714576,-73.998267,"15 - 17 Doyers St, New York, NY, 10013, US"
Liebman’s Deli,3,2019-10-23 to 2020-11-12; 2022-01-22 to 2022-06-16; 2024-01-13 to 2025-04-05,no,40.885298,-73.90959,"552 W 235th St (Johnson Ave), Bronx, NY 10463"
Lilia,2,2017-08-05 to 2018-10-03; 2025-07-08 to 2026-09-21,yes,40.71755,-73.952412,"567 Union Ave, Brooklyn, NY, 11211, US"
Llama San,1,2020-03-18 to 2021-01-06,no,40.732308,-74.000897,"359 6th Ave New York, NY 10014"
Los Tacos No.1,2,2017-08-05 to 2020-11-12; 2023-03-28 to 2023-05-30,no,40.74222952697974,-74.00585353374481,"75 9th Ave, New York, NY 10011"
Lure Fishbar,1,2017-08-05 to 2017-08-05,no,40.72463457437033,-73.99840235710144,"142 Mercer St New York, NY"
L’Industrie Pizzeria,1,2022-01-22 to 2026-07-09,no,40.711605,-73.95787,"254 S 2nd St Side, Brooklyn, NY, 11211, US"
Madame Vo,1,2019-01-19 to 2019-02-02,no,40.72927,-73.986105,"212 E 10th St New York, NY 10003"
Madison Square Garden,1,2018-02-03 to 2018-02-18,no,40.749981,-73.992188,"4 Penn Plz New York, NY 10121"
Makina Cafe Ethiopian-Eritrean Eatery,1,2026-07-10 to 2026-09-21,yes,40.746652,-73.917671,"46-11 Skillman Avenue Sunnyside, Queens 11104"
Malecon,1,2022-10-13 to 2023-03-21,no,40.846512,-73.938894,"4141 Broadway, New York, NY 10033"
Marea,1,2022-10-13 to 2023-03-21,no,40.767339,-73.981175,"240 Central Park S, New York, NY 10019"
Mario's,1,2020-11-21 to 2021-03-17,no,40.854135,-73.888453,"2342 Arthur Ave The Bronx, NY 10458"
Mariscos El Submarino,2,2021-10-15 to 2023-03-21; 2023-07-13 to 2025-01-06,no,40.748444,-73.878107,"8805 Roosevelt Ave, Queens, NY 11372"
Marlow & Sons,1,2017-08-05 to 2019-08-15,no,40.71061048948564,-73.965684281892,"81 Broadway Brooklyn, NY"
Mel,1,2022-04-26 to 2022-09-22,no,40.714588,-73.991317,"1 Ludlow St, New York, NY 10002"
MeMe's Diner,1,2019-07-21 to 2020-11-12,no,40.677707,-73.963523,"657 Washington Ave Brooklyn, NY 11238"
Misi,1,2023-03-28 to 2025-07-02,no,40.713402,-73.967186,"329 Kent Ave (at S 4th St), Brooklyn, NY 11249"
Miss Ada,1,2019-10-23 to 2021-12-20,no,40.689449,-73.972385,"184 Dekalb Ave Brooklyn, NY 11205"
Mission Chinese Food,1,2017-08-05 to 2017-08-05,no,40.71406967691378,-73.98980855941772,"171 E Broadway New York, NY"
Momofuku Kāwi,1,2020-03-18 to 2020-11-12,no,40.754529,-74.000106,"20 Hudson Yards New York, NY 10001"
Momofuku Noodle Bar,1,2017-08-05 to 2017-08-05,no,40.729110403548944,-73.9842454555664,"171 1st Ave New York, NY"
Momofuku Ssäm Bar,1,2018-02-03 to 2019-12-05,no,40.731698,-73.985843,"207 2nd Ave New York, NY 10003"
Monte's Trattoria,1,2024-07-11 to 2024-10-07,no,40.72959,-74.001097,"97 MacDougal St (Bleecker), New York, NY 10012"
Mu Ramen,1,2017-08-05 to 2018-02-18,no,40.74367717129966,-73.9505367180311,"1209 Jackson Ave Queens, NY"
MáLà Project,1,2018-07-11 to 2018-10-03,no,40.756933,-73.980559,"41 West 46th St New York, NY 10036"
Mắm,1,2024-04-09 to 2026-09-21,yes,40.717026,-73.993312,"70 Forsyth Street, New York, New York 10002"
Nepali Bhanchha Ghar,2,2022-01-22 to 2023-03-21; 2024-01-13 to 2026-09-21,yes,40.747049,-73.890824,"7415 Roosevelt Ave, Jackson Heights, NY, 11372, US"
New Wonjo,1,2017-08-05 to 2017-08-05,no,40.747899752227816,-73.98695429583053,"23 W 32nd St New York, NY"
New World Mall,1,2022-10-13 to 2023-03-21,no,40.759358,-73.829205,"136-20 Roosevelt Ave, Queens, NY 11354"
Noda,1,2019-07-21 to 2019-12-05,no,40.744803,-73.988105,"6 W 28th St New York, NY 10001"
Noz 17,1,2023-03-28 to 2023-11-28,no,40.743844,-74.006571,"458 W 17th St, New York, NY 10011"
Noz Market,1,2025-04-18 to 2026-09-21,yes,40.773779,-73.957909,"1374 3rd Ave, New York, NY, 10075, US"
Nur,1,2019-01-19 to 2019-08-15,no,40.738545,-73.988804,"34 E 20th St New York, NY 10003"
NY Dosas,1,2020-11-21 to 2023-05-30,no,40.730451,-73.998873,"50 Washington Square S, New York, NY 10012"
Odeon,2,2017-08-05 to 2017-08-05; 2024-01-13 to 2024-10-07,no,40.71700358931347,-74.00810144732247,"145 West Broadway, New York, New York 10013"
Oiji,1,2017-08-05 to 2018-02-18,no,40.72718411782339,-73.98561709767907,"119 1st Ave New York, NY"
Olmsted,1,2017-08-05 to 2020-11-12,no,40.67718208563987,-73.96885828909762,"659 Vanderbilt Ave Brooklyn, NY"
Ops,1,2019-01-19 to 2021-12-20,no,40.702697,-73.917119,"346 Himrod St Brooklyn, NY 11237"
Papaye,1,2023-03-28 to 2023-11-28,no,40.832521,-73.917952,"196 McClellan St, Bronx, NY 10456"
Pastrami Queen,1,2023-01-13 to 2023-03-21,no,40.774363,-73.959106,"1125 Lexington Ave # 2, New York, NY 10075"
Patsy's Pizza - East Harlem,1,2017-08-05 to 2017-08-05,no,40.79708774312914,-73.93450965907283,"2287 1st Ave New York, NY"
Peaches HotHouse,1,2021-01-22 to 2021-10-11,no,40.683401,-73.943661,"415 Tompkins Ave Brooklyn, NY 11216"
Peppa's,1,2018-07-11 to 2022-12-27,no,40.654904,-73.960013,"738 Flatbush Ave, Brooklyn, NY 11226"
Peter Luger Steak House,1,2017-08-05 to 2020-11-12,no,40.71004419200894,-73.96247578387509,"178 Broadway Brooklyn, NY"
Ping Seafood Restaurant,1,2018-07-11 to 2018-10-03,no,40.714448,-73.998537,"22 Mott St New York, NY 10013"
Playground,1,2022-04-26 to 2022-09-22,no,40.746404,-73.893796,"71-30 Roosevelt Ave, Jackson Heights, NY 11372"
Pranakhon,1,2023-10-13 to 2023-11-28,no,40.733948,-73.993309,"88 University Pl, New York, NY 10003"
Prime Meats,1,2017-08-05 to 2017-08-05,no,40.67715357960969,-73.99817705154419,"465 Court St Brooklyn, NY"
Prune,1,2018-02-03 to 2018-02-18,no,40.723929,-73.989374,"54 E 1st St # 1 New York, NY 10003"
Qanoon Restaurant,1,2020-11-21 to 2021-04-24,no,40.745211,-74.001938,"180 9th Ave New York, NY 10011"
Rahi,1,2019-01-19 to 2019-02-02,no,40.736035,-74.000519,"60 Greenwich Ave New York, NY 10011"
Raku,1,2023-03-28 to 2025-01-06,no,40.726488,-73.986671,"342 E 6th St, New York, NY 10003"
Ras Plant Based,1,2021-06-14 to 2021-10-11,no,40.673417,-73.956709,"739 Franklin Ave Brooklyn, NY 11238"
Red Hook Tavern,1,2025-10-08 to 2026-07-09,no,40.677876,-74.012083,"329 Van Brunt St, Brooklyn, NY, 11231, US"
Restaurant Daniel,1,2025-10-08 to 2026-03-14,no,40.766483,-73.966393,"60 E 65th St, New York, NY, 10065, US"
Rezdôra,1,2020-03-18 to 2021-03-17,no,40.739105,-73.989033,"27 E 20th St New York, NY 10003"
Roberto’s,2,2017-08-05 to 2019-08-15; 2023-03-28 to 2025-09-29,no,40.853763,-73.888434,"603 Crescent Avenue, The Bronx, NY 10458"
Rolo’s,1,2025-04-18 to 2026-09-21,yes,40.701942,-73.903534,"853 Onderdonk Avenue, Queens, NY 11385"
Royal Seafood,1,2024-07-11 to 2025-04-05,no,40.717406,-73.997691,"103-105 Mott St (btwn Canal & Hester St), New York, NY 10013"
Russ & Daughters Cafe,1,2023-03-28 to 2023-11-28,no,40.719676,-73.989659,"127 Orchard St, New York, NY 10002"
Ruta Oaxaca Mexican Cuisine,1,2021-06-14 to 2023-03-21,no,40.760606,-73.921847,"35-03 Broadway, Queens, NY 11106"
S&P Lunch,2,2023-07-13 to 2025-09-29; 2026-07-10 to 2026-09-21,yes,40.741159,-73.990194,"174 5th Avenue, Manhattan, NY"
Saga,1,2022-04-26 to 2022-09-22,no,40.706487,-74.007752,"70 Pine St 63rd Floor, New York, NY 10005"
Sailor,1,2025-01-15 to 2026-03-14,no,40.689383,-73.970311,"228 DeKalb Ave, Brooklyn, NY, 11205, US"
Saint Julivert,1,2025-04-18 to 2025-07-02,no,40.687883,-73.995709,"264 Clinton St (Verandah Place), New York, NY 10002"
Sakagura,1,2018-02-03 to 2018-02-18,no,40.751455,-73.973,"211 E 43rd St B1, New York, NY 10017"
Scarr's Pizza,1,2019-07-21 to 2021-04-24,no,40.715362,-73.991426,"22 Orchard St New York, NY 10002"
Semma,2,2022-10-13 to 2023-05-30; 2024-01-13 to 2025-09-29,no,40.736037,-74.000467,"60 Greenwich Avenue, Manhattan, NY, 10011"
Shuko,2,2017-08-05 to 2019-05-28; 2022-04-26 to 2023-03-21,no,40.73349113043757,-73.99166024099635,"47 E 12th St, New York, NY 10003"
Sky Pavilion,1,2025-01-15 to 2026-09-21,yes,40.757983,-73.990813,"325 West 42nd Street, New York, New York 10036"
Smithereens,1,2026-07-10 to 2026-09-21,yes,40.727785,-73.984193,"414 E 9th St, New York, NY, 10009, US"
Somtum Der,1,2017-08-05 to 2017-08-05,no,40.72528,-73.984394,"85 Avenue A New York, NY"
Soothr,1,2022-01-22 to 2022-04-07,no,40.732282,-73.98735,"204 E 13th St New York, NY 10003"
Spicy Village,1,2017-08-05 to 2018-10-03,no,40.71706901054625,-73.9937606621895,"68B Forsyth St New York, NY"
St. Anselm,1,2017-08-05 to 2018-10-03,no,40.714210869857595,-73.95611028727457,"355 Metropolitan Ave Brooklyn, NY"
Sullivan Street Bakery,1,2018-02-03 to 2019-05-28,no,40.741358,-74.005535,"236 9th Ave New York, NY 10011"
Sunn’s,1,2025-10-08 to 2026-09-21,yes,40.714422,-73.990962,"139 Division St, New York, NY, 10002, US"
Superiority Burger,2,2017-08-05 to 2021-01-06; 2023-07-13 to 2026-09-21,yes,40.726464,-73.983507,"119 Avenue A, New York, NY, 10009, US"
Sushi Ichimura,1,2024-01-13 to 2025-04-05,no,40.721904,-74.01009,"412 Greenwich Street, Manhattan, NY 10013"
Sushi Noz,1,2020-03-18 to 2022-04-07,no,40.773879,-73.958119,"181 E 78th St New York, NY 10075"
Sushi On Me,1,2023-03-28 to 2024-03-17,no,40.746392,-73.893901,"71-26 Roosevelt Ave, Queens, NY 11372"
Sylvia’s,1,2023-03-28 to 2025-12-18,no,40.808645,-73.944479,"328 Malcolm X Boulevard, Manhattan, NY 10027"
Szechuan Mountain House,2,2019-01-19 to 2019-02-02; 2023-03-28 to 2023-11-28,no,40.759064,-73.832282,"3916 Prince St g03, Queens, NY 11354"
Taqueria Ramirez,1,2022-01-22 to 2025-04-05,no,40.727895,-73.957007,"94 Franklin St (at Oak St), Brooklyn, NY 11222"
Thai Diner,2,2020-11-21 to 2021-12-20; 2023-03-28 to 2023-10-03,no,40.720668,-73.995585,"186 Mott St, New York, NY 10012"
The Breslin,1,2017-08-05 to 2017-08-05,no,40.74583734577147,-73.98799265354255,"16 W 29th St New York, NY"
The Four Horsemen,1,2022-01-22 to 2026-09-21,yes,40.713058,-73.957321,"295 Grand St Side, Brooklyn, NY, 11211, US"
The Grill,1,2018-02-03 to 2019-12-05,no,40.758363,-73.972028,"99 E 52nd St New York, NY 10022"
The NoMad Restaurant,1,2017-08-05 to 2017-08-05,no,40.74507433709667,-73.98856121691024,"1170 Broadway New York, NY"
The Original Buddha Bodai Kosher Vegetarian Restaurant,1,2023-03-28 to 2023-05-30,no,40.713862,-73.998963,"5 Mott St, New York, NY 10013"
Tomiño Taberna Gallega,1,2019-01-19 to 2019-02-02,no,40.719443,-73.996925,"192 Grand St New York, NY 10013"
Tong,1,2021-06-14 to 2021-12-20,no,40.708079,-73.9205,"321 Starr St Brooklyn, NY 11237"
Tony & Tina's Pizzeria,1,2021-04-21 to 2021-04-24,no,40.857574,-73.88611,"2483 Arthur Ave The Bronx, NY 10458"
Torishin,1,2018-07-11 to 2019-05-28,no,40.764987,-73.98719,"362 W 53rd St New York, NY 10019"
Tosokchon,1,2024-01-13 to 2024-06-17,no,40.747234,-73.984312,"14 East 33rd Street, New York, New York 10016"
Txikito,1,2025-07-08 to 2026-03-14,no,40.747368,-74.000366,"240 9th Ave, New York, NY, 10001, US"
Ugly Baby,3,2018-07-11 to 2019-02-02; 2020-11-21 to 2021-03-17; 2023-01-13 to 2025-01-06,no,40.677943,-73.99605,"407 Smith St, Brooklyn, NY 11231"
Uluh,1,2024-04-09 to 2025-01-06,no,40.729353,-73.986664,"152 2nd Ave (btw 9th & 10th St), New York, NY 10003"
Una Pizza Napoletana,1,2023-03-28 to 2026-09-21,yes,40.721756,-73.988625,"175 Orchard St, New York, NY, 10002, US"
Uncle Boons,1,2017-08-05 to 2018-10-03,no,40.721209348747244,-73.9942717552185,"7 Spring St New York, NY"
Uncle Lou,1,2024-01-13 to 2024-06-17,no,40.716292,-73.999391,"73 Mulberry St (btw Canal & Bayard), New York, NY 10013"
Urban Hawker,1,2023-01-13 to 2023-03-21,no,40.760951,-73.982122,"135 W 50th St, New York, NY 10020"
Vato,1,2026-07-10 to 2026-09-21,yes,40.670263,-73.979019,"226 7th Avenue, Brooklyn, New York 11215, United States"
Veselka,1,2022-10-13 to 2023-03-21,no,40.728945,-73.986961,"144 2nd Ave, New York, NY 10003"
Via Carota,4,2019-01-19 to 2019-12-05; 2021-04-21 to 2021-10-11; 2023-03-28 to 2025-01-06; 2025-07-08 to 2026-07-09,no,40.731701,-74.003403,"51 Grove St, New York, NY, 10014, US"
Victor's Cafe,1,2018-02-03 to 2018-10-03,no,40.762884,-73.984075,"236 W 52nd St New York, NY 10019"
While in Kathmandu,1,2023-07-13 to 2023-11-28,no,40.702077,-73.906804,"758 Seneca Ave, Ridgewood, NY 11385"
Wildair,1,2017-08-05 to 2018-10-03,no,40.72005215094157,-73.98936467240519,"142 Orchard St New York, NY"
Win Son,2,2018-07-11 to 2020-11-12; 2023-10-13 to 2024-10-07,no,40.707458,-73.943501,"159 Graham Ave, Brooklyn, NY 11206"
Winner,1,2021-10-15 to 2022-04-07,no,40.665684,-73.982278,"367 7th Ave Brooklyn, NY 11215"
Woorijip,1,2024-04-09 to 2024-06-17,no,40.748289015143,-73.98817703639,"12 W 32nd St (btwn Broadway & 5th Ave), New York, NY 10001"
Wu's Wonton King,1,2021-04-21 to 2022-12-27,no,40.713834,-73.989941,"165 E Broadway, New York, NY 10002"
Xi'an Famous Foods,1,2019-01-19 to 2021-04-24,no,40.715087,-73.997357,"45 Bayard St New York, NY 10013"
Yankee Stadium,1,2018-07-11 to 2018-07-16,no,40.823036,-73.910767,"1 E 161st St Bronx, NY 10451"
Yellow Rose,1,2022-01-22 to 2022-12-27,no,40.732545,-73.988059,"102 3rd Ave, New York, NY 10003"
Yi Ji Shi Mo,1,2020-11-21 to 2021-04-24,no,40.718187,-73.995731,"88 Elizabeth St New York, NY 10013"
Yu Kitchen,1,2020-11-21 to 2021-03-17,no,40.797415,-73.969181,"2656 Broadway New York, NY 10025"
Zaab Zaab,2,2022-10-13 to 2023-03-21; 2025-04-18 to 2026-09-21,yes,40.743263,-73.888664,"7604 Woodside Ave, Elmhurst, NY, 11373, US"
Zimmi’s,1,2026-07-10 to 2026-09-21,yes,40.731474,-74.00478,"72 Bedford St, New York, NY, 10014, US"
