place,on_list_from,on_list_through,added_between,removed_between,still_on_list
Balthazar,2017-08-05,2018-10-03,before coverage,2018-10-03 - 2019-01-19,no
Casa Enrique,2017-08-05,2017-08-05,before coverage,2017-08-05 - 2018-02-03,no
Cheburechnaya,2017-08-05,2019-12-05,before coverage,2019-12-05 - 2020-03-18,no
Cosme,2017-08-05,2017-08-05,before coverage,2017-08-05 - 2018-02-03,no
Gramercy Tavern,2017-08-05,2017-08-05,before coverage,2017-08-05 - 2018-02-03,no
Hometown Bar-B-Que,2017-08-05,2021-03-17,before coverage,2021-03-17 - 2021-04-21,no
I Sodi,2017-08-05,2018-10-03,before coverage,2018-10-03 - 2019-01-19,no
Indian Accent,2017-08-05,2018-02-18,before coverage,2018-02-18 - 2018-07-11,no
Katz's Delicatessen,2017-08-05,2021-12-20,before coverage,2021-12-20 - 2022-01-22,no
La Vara,2017-08-05,2019-12-05,before coverage,2019-12-05 - 2020-03-18,no
Le Coucou,2017-08-05,2019-05-28,before coverage,2019-05-28 - 2019-07-21,no
Lilia,2017-08-05,2018-10-03,before coverage,2018-10-03 - 2019-01-19,no
Los Tacos No.1,2017-08-05,2020-11-12,before coverage,2020-11-12 - 2020-11-21,no
Lure Fishbar,2017-08-05,2017-08-05,before coverage,2017-08-05 - 2018-02-03,no
Momofuku Noodle Bar,2017-08-05,2017-08-05,before coverage,2017-08-05 - 2018-02-03,no
New Wonjo,2017-08-05,2017-08-05,before coverage,2017-08-05 - 2018-02-03,no
Odeon,2017-08-05,2017-08-05,before coverage,2017-08-05 - 2018-02-03,no
Patsy's Pizza - East Harlem,2017-08-05,2017-08-05,before coverage,2017-08-05 - 2018-02-03,no
Peter Luger Steak House,2017-08-05,2020-11-12,before coverage,2020-11-12 - 2020-11-21,no
Roberto’s,2017-08-05,2019-08-15,before coverage,2019-08-15 - 2019-10-23,no
Spicy Village,2017-08-05,2018-10-03,before coverage,2018-10-03 - 2019-01-19,no
St. Anselm,2017-08-05,2018-10-03,before coverage,2018-10-03 - 2019-01-19,no
Superiority Burger,2017-08-05,2021-01-06,before coverage,2021-01-06 - 2021-01-22,no
Wildair,2017-08-05,2018-10-03,before coverage,2018-10-03 - 2019-01-19,no
Charles Pan-Fried Chicken,2018-02-03,2019-12-05,2017-08-05 - 2018-02-03,2019-12-05 - 2020-03-18,no
Cote Korean Steakhouse,2018-02-03,2019-08-15,2017-08-05 - 2018-02-03,2019-08-15 - 2019-10-23,no
Flaming Kitchen,2018-02-03,2018-02-18,2017-08-05 - 2018-02-03,2018-02-18 - 2018-07-11,no
Hanoi House,2018-02-03,2018-10-03,2017-08-05 - 2018-02-03,2018-10-03 - 2019-01-19,no
Jongro BBQ,2018-02-03,2018-02-18,2017-08-05 - 2018-02-03,2018-02-18 - 2018-07-11,no
Madison Square Garden,2018-02-03,2018-02-18,2017-08-05 - 2018-02-03,2018-02-18 - 2018-07-11,no
Prune,2018-02-03,2018-02-18,2017-08-05 - 2018-02-03,2018-02-18 - 2018-07-11,no
Sakagura,2018-02-03,2018-02-18,2017-08-05 - 2018-02-03,2018-02-18 - 2018-07-11,no
Sullivan Street Bakery,2018-02-03,2019-05-28,2017-08-05 - 2018-02-03,2019-05-28 - 2019-07-21,no
The Grill,2018-02-03,2019-12-05,2017-08-05 - 2018-02-03,2019-12-05 - 2020-03-18,no
Victor's Cafe,2018-02-03,2018-10-03,2017-08-05 - 2018-02-03,2018-10-03 - 2019-01-19,no
Claro,2018-07-11,2019-08-15,2018-02-18 - 2018-07-11,2019-08-15 - 2019-10-23,no
Gregory's 26 Corner Taverna,2018-07-11,2020-11-12,2018-02-18 - 2018-07-11,2020-11-12 - 2020-11-21,no
Her Name is Han,2018-07-11,2019-05-28,2018-02-18 - 2018-07-11,2019-05-28 - 2019-07-21,no
MáLà Project,2018-07-11,2018-10-03,2018-02-18 - 2018-07-11,2018-10-03 - 2019-01-19,no
Peppa's,2018-07-11,2022-12-27,2018-02-18 - 2018-07-11,2022-12-27 - 2023-01-13,no
Ping Seafood Restaurant,2018-07-11,2018-10-03,2018-02-18 - 2018-07-11,2018-10-03 - 2019-01-19,no
Torishin,2018-07-11,2019-05-28,2018-02-18 - 2018-07-11,2019-05-28 - 2019-07-21,no
Ugly Baby,2018-07-11,2019-02-02,2018-02-18 - 2018-07-11,2019-02-02 - 2019-04-17,no
Win Son,2018-07-11,2020-11-12,2018-02-18 - 2018-07-11,2020-11-12 - 2020-11-21,no
Yankee Stadium,2018-07-11,2018-07-16,2018-02-18 - 2018-07-11,2018-07-16 - 2018-10-01,no
Bolivian Llama Party,2019-01-19,2022-12-27,2018-10-03 - 2019-01-19,2022-12-27 - 2023-01-13,no
Chez Ma Tante,2019-01-19,2019-05-28,2018-10-03 - 2019-01-19,2019-05-28 - 2019-07-21,no
Fish Cheeks,2019-01-19,2020-11-12,2018-10-03 - 2019-01-19,2020-11-12 - 2020-11-21,no
Frenchette,2019-01-19,2021-03-17,2018-10-03 - 2019-01-19,2021-03-17 - 2021-04-21,no
Kopitiam,2019-01-19,2021-03-17,2018-10-03 - 2019-01-19,2021-03-17 - 2021-04-21,no
Madame Vo,2019-01-19,2019-02-02,2018-10-03 - 2019-01-19,2019-02-02 - 2019-04-17,no
Ops,2019-01-19,2021-12-20,2018-10-03 - 2019-01-19,2021-12-20 - 2022-01-22,no
Szechuan Mountain House,2019-01-19,2019-02-02,2018-10-03 - 2019-01-19,2019-02-02 - 2019-04-17,no
Tomiño Taberna Gallega,2019-01-19,2019-02-02,2018-10-03 - 2019-01-19,2019-02-02 - 2019-04-17,no
Via Carota,2019-01-19,2019-12-05,2018-10-03 - 2019-01-19,2019-12-05 - 2020-03-18,no
Xi'an Famous Foods,2019-01-19,2021-04-24,2018-10-03 - 2019-01-19,2021-04-24 - 2021-06-14,no
Adda,2019-04-17,2021-04-24,2019-02-02 - 2019-04-17,2021-04-24 - 2021-06-14,no
Cervo's,2019-04-17,2020-11-12,2019-02-02 - 2019-04-17,2020-11-12 - 2020-11-21,no
Di An Di,2019-04-17,2021-12-20,2019-02-02 - 2019-04-17,2021-12-20 - 2022-01-22,no
Atomix,2019-07-21,2020-11-12,2019-05-28 - 2019-07-21,2020-11-12 - 2020-11-21,no
Haenyeo,2019-07-21,2022-04-07,2019-05-28 - 2019-07-21,2022-04-07 - 2022-04-26,no
Noda,2019-07-21,2019-12-05,2019-05-28 - 2019-07-21,2019-12-05 - 2020-03-18,no
Scarr's Pizza,2019-07-21,2021-04-24,2019-05-28 - 2019-07-21,2021-04-24 - 2021-06-14,no
"Fiaschetteria ""Pistoia""",2019-10-23,2021-04-24,2019-08-15 - 2019-10-23,2021-04-24 - 2021-06-14,no
La Morada,2019-10-23,2021-04-24,2019-08-15 - 2019-10-23,2021-04-24 - 2021-06-14,no
Liebman’s Deli,2019-10-23,2020-11-12,2019-08-15 - 2019-10-23,2020-11-12 - 2020-11-21,no
Miss Ada,2019-10-23,2021-12-20,2019-08-15 - 2019-10-23,2021-12-20 - 2022-01-22,no
Gertie,2019-12-05,2020-11-12,2019-10-23 - 2019-12-05,2020-11-12 - 2020-11-21,no
Africa Kine,2020-03-18,2022-12-27,2019-12-05 - 2020-03-18,2022-12-27 - 2023-01-13,no
Haidilao Hot Pot,2020-03-18,2020-11-12,2019-12-05 - 2020-03-18,2020-11-12 - 2020-11-21,no
Le Bernardin,2020-03-18,2020-11-12,2019-12-05 - 2020-03-18,2020-11-12 - 2020-11-21,no
Rezdôra,2020-03-18,2021-03-17,2019-12-05 - 2020-03-18,2021-03-17 - 2021-04-21,no
Sushi Noz,2020-03-18,2022-04-07,2019-12-05 - 2020-03-18,2022-04-07 - 2022-04-26,no
Birria-Landia,2020-11-21,2022-12-27,2020-11-12 - 2020-11-21,2022-12-27 - 2023-01-13,no
Bread & Salt,2020-11-21,2022-09-22,2020-11-12 - 2020-11-21,2022-09-22 - 2022-10-13,no
Denino’s Pizzeria & Tavern,2020-11-21,2021-12-20,2020-11-12 - 2020-11-21,2021-12-20 - 2022-01-22,no
Fieldtrip,2020-11-21,2021-10-11,2020-11-12 - 2020-11-21,2021-10-11 - 2021-10-15,no
Golden Diner,2020-11-21,2022-12-27,2020-11-12 - 2020-11-21,2022-12-27 - 2023-01-13,no
Golden Palace Gourmet,2020-11-21,2023-03-21,2020-11-12 - 2020-11-21,2023-03-21 - 2023-03-28,no
Jeju Noodle Bar,2020-11-21,2021-04-24,2020-11-12 - 2020-11-21,2021-04-24 - 2021-06-14,no
Jing Fong,2020-11-21,2021-03-17,2020-11-12 - 2020-11-21,2021-03-17 - 2021-04-21,no
Mario's,2020-11-21,2021-03-17,2020-11-12 - 2020-11-21,2021-03-17 - 2021-04-21,no
NY Dosas,2020-11-21,2023-05-30,2020-11-12 - 2020-11-21,2023-05-30 - 2023-07-13,no
Qanoon Restaurant,2020-11-21,2021-04-24,2020-11-12 - 2020-11-21,2021-04-24 - 2021-06-14,no
Thai Diner,2020-11-21,2021-12-20,2020-11-12 - 2020-11-21,2021-12-20 - 2022-01-22,no
Ugly Baby,2020-11-21,2021-03-17,2020-11-12 - 2020-11-21,2021-03-17 - 2021-04-21,no
Yi Ji Shi Mo,2020-11-21,2021-04-24,2020-11-12 - 2020-11-21,2021-04-24 - 2021-06-14,no
A&A Bake Doubles and Roti,2021-01-22,2023-03-21,2021-01-06 - 2021-01-22,2023-03-21 - 2023-03-28,no
Peaches HotHouse,2021-01-22,2021-10-11,2021-01-06 - 2021-01-22,2021-10-11 - 2021-10-15,no
Bo Ky,2021-04-21,2021-04-24,2021-03-17 - 2021-04-21,2021-04-24 - 2021-06-14,no
Bunna Cafe,2021-04-21,2023-03-21,2021-03-17 - 2021-04-21,2023-03-21 - 2023-03-28,no
Court Street Grocers,2021-04-21,2021-04-24,2021-03-17 - 2021-04-21,2021-04-24 - 2021-06-14,no
Happy Hot Hunan,2021-04-21,2021-04-24,2021-03-17 - 2021-04-21,2021-04-24 - 2021-06-14,no
Kashkar Cafe,2021-04-21,2023-03-21,2021-03-17 - 2021-04-21,2023-03-21 - 2023-03-28,no
Tony & Tina's Pizzeria,2021-04-21,2021-04-24,2021-03-17 - 2021-04-21,2021-04-24 - 2021-06-14,no
Via Carota,2021-04-21,2021-10-11,2021-03-17 - 2021-04-21,2021-10-11 - 2021-10-15,no
Wu's Wonton King,2021-04-21,2022-12-27,2021-03-17 - 2021-04-21,2022-12-27 - 2023-01-13,no
Bánh Vietnamese Shop House,2021-06-14,2024-03-17,2021-04-24 - 2021-06-14,2024-03-17 - 2024-04-09,no
Blue Willow,2021-06-14,2022-04-07,2021-04-24 - 2021-06-14,2022-04-07 - 2022-04-26,no
Cervo's,2021-06-14,2021-12-20,2021-04-24 - 2021-06-14,2021-12-20 - 2022-01-22,no
Chez Ma Tante,2021-06-14,2021-10-11,2021-04-24 - 2021-06-14,2021-10-11 - 2021-10-15,no
Chuan Tian Xia,2021-06-14,2023-03-21,2021-04-24 - 2021-06-14,2023-03-21 - 2023-03-28,no
Coszcal De Allende,2021-06-14,2023-03-21,2021-04-24 - 2021-06-14,2023-03-21 - 2023-03-28,no
Dhamaka,2021-06-14,2022-09-22,2021-04-24 - 2021-06-14,2022-09-22 - 2022-10-13,no
Ernesto’s,2021-06-14,2021-12-20,2021-04-24 - 2021-06-14,2021-12-20 - 2022-01-22,no
Falansai,2021-06-14,2022-09-22,2021-04-24 - 2021-06-14,2022-09-22 - 2022-10-13,no
Hudson Smokehouse,2021-06-14,2022-09-22,2021-04-24 - 2021-06-14,2022-09-22 - 2022-10-13,no
Ras Plant Based,2021-06-14,2021-10-11,2021-04-24 - 2021-06-14,2021-10-11 - 2021-10-15,no
Ruta Oaxaca Mexican Cuisine,2021-06-14,2023-03-21,2021-04-24 - 2021-06-14,2023-03-21 - 2023-03-28,no
Tong,2021-06-14,2021-12-20,2021-04-24 - 2021-06-14,2021-12-20 - 2022-01-22,no
Ayat,2021-10-15,2022-04-07,2021-10-11 - 2021-10-15,2022-04-07 - 2022-04-26,no
Gage & Tollner,2021-10-15,2022-06-16,2021-10-11 - 2021-10-15,2022-06-16 - 2022-08-11,no
Indian Table,2021-10-15,2022-04-07,2021-10-11 - 2021-10-15,2022-04-07 - 2022-04-26,no
Jua,2021-10-15,2022-12-27,2021-10-11 - 2021-10-15,2022-12-27 - 2023-01-13,no
Mariscos El Submarino,2021-10-15,2023-03-21,2021-10-11 - 2021-10-15,2023-03-21 - 2023-03-28,no
Winner,2021-10-15,2022-04-07,2021-10-11 - 2021-10-15,2022-04-07 - 2022-04-26,no
Dame,2022-01-22,2022-09-22,2021-12-20 - 2022-01-22,2022-09-22 - 2022-10-13,no
Killmeyer's,2022-01-22,2023-03-21,2021-12-20 - 2022-01-22,2023-03-21 - 2023-03-28,no
L’Industrie Pizzeria,2022-01-22,2026-07-09,2021-12-20 - 2022-01-22,2026-07-09 - 2026-07-10,no
Liebman’s Deli,2022-01-22,2022-06-16,2021-12-20 - 2022-01-22,2022-06-16 - 2022-08-11,no
Nepali Bhanchha Ghar,2022-01-22,2023-03-21,2021-12-20 - 2022-01-22,2023-03-21 - 2023-03-28,no
Soothr,2022-01-22,2022-04-07,2021-12-20 - 2022-01-22,2022-04-07 - 2022-04-26,no
Taqueria Ramirez,2022-01-22,2025-04-05,2021-12-20 - 2022-01-22,2025-04-05 - 2025-04-18,no
The Four Horsemen,2022-01-22,2026-09-21,2021-12-20 - 2022-01-22,still on list,yes
Yellow Rose,2022-01-22,2022-12-27,2021-12-20 - 2022-01-22,2022-12-27 - 2023-01-13,no
Al Badawi,2022-04-26,2023-03-21,2022-04-07 - 2022-04-26,2023-03-21 - 2023-03-28,no
CheLi,2022-04-26,2022-06-16,2022-04-07 - 2022-04-26,2022-06-16 - 2022-08-11,no
Kingston Tropical Bakery,2022-04-26,2023-03-21,2022-04-07 - 2022-04-26,2023-03-21 - 2023-03-28,no
Playground,2022-04-26,2022-09-22,2022-04-07 - 2022-04-26,2022-09-22 - 2022-10-13,no
Saga,2022-04-26,2022-09-22,2022-04-07 - 2022-04-26,2022-09-22 - 2022-10-13,no
Aldama,2022-08-11,2023-03-21,2022-06-16 - 2022-08-11,2023-03-21 - 2023-03-28,no
Bamonte's,2022-08-11,2022-12-27,2022-06-16 - 2022-08-11,2022-12-27 - 2023-01-13,no
Katz's Delicatessen,2022-08-11,2022-09-22,2022-06-16 - 2022-08-11,2022-09-22 - 2022-10-13,no
Great NY Noodletown,2022-10-13,2023-11-28,2022-09-22 - 2022-10-13,2023-11-28 - 2024-01-13,no
Hometown Bar-B-Que,2022-10-13,2024-03-17,2022-09-22 - 2022-10-13,2024-03-17 - 2024-04-09,no
I Sodi,2022-10-13,2022-12-27,2022-09-22 - 2022-10-13,2022-12-27 - 2023-01-13,no
La Vara,2022-10-13,2023-03-21,2022-09-22 - 2022-10-13,2023-03-21 - 2023-03-28,no
Malecon,2022-10-13,2023-03-21,2022-09-22 - 2022-10-13,2023-03-21 - 2023-03-28,no
Marea,2022-10-13,2023-03-21,2022-09-22 - 2022-10-13,2023-03-21 - 2023-03-28,no
New World Mall,2022-10-13,2023-03-21,2022-09-22 - 2022-10-13,2023-03-21 - 2023-03-28,no
Semma,2022-10-13,2023-05-30,2022-09-22 - 2022-10-13,2023-05-30 - 2023-07-13,no
Veselka,2022-10-13,2023-03-21,2022-09-22 - 2022-10-13,2023-03-21 - 2023-03-28,no
Zaab Zaab,2022-10-13,2023-03-21,2022-09-22 - 2022-10-13,2023-03-21 - 2023-03-28,no
Charles Pan-Fried Chicken,2023-01-13,2023-03-21,2022-12-27 - 2023-01-13,2023-03-21 - 2023-03-28,no
Claudy’s Empanadas,2023-01-13,2023-03-21,2022-12-27 - 2023-01-13,2023-03-21 - 2023-03-28,no
Corner Bar,2023-01-13,2023-03-21,2022-12-27 - 2023-01-13,2023-03-21 - 2023-03-28,no
Dept of Culture,2023-01-13,2023-10-03,2022-12-27 - 2023-01-13,2023-10-03 - 2023-10-13,no
Dominick's,2023-01-13,2023-03-21,2022-12-27 - 2023-01-13,2023-03-21 - 2023-03-28,no
Haidilao Hot Pot,2023-01-13,2023-11-28,2022-12-27 - 2023-01-13,2023-11-28 - 2024-01-13,no
Koloman,2023-01-13,2025-01-06,2022-12-27 - 2023-01-13,2025-01-06 - 2025-01-15,no
Pastrami Queen,2023-01-13,2023-03-21,2022-12-27 - 2023-01-13,2023-03-21 - 2023-03-28,no
Ugly Baby,2023-01-13,2025-01-06,2022-12-27 - 2023-01-13,2025-01-06 - 2025-01-15,no
Ayat,2023-03-28,2024-06-17,2023-03-21 - 2023-03-28,2024-06-17 - 2024-07-11,no
B&H Dairy,2023-03-28,2023-10-03,2023-03-21 - 2023-03-28,2023-10-03 - 2023-10-13,no
Baekjeong,2023-03-28,2023-11-28,2023-03-21 - 2023-03-28,2023-11-28 - 2024-01-13,no
Balthazar,2023-03-28,2026-09-21,2023-03-21 - 2023-03-28,still on list,yes
Chama Mama,2023-03-28,2026-09-21,2023-03-21 - 2023-03-28,still on list,yes
Grand Central Oyster Bar,2023-03-28,2026-07-09,2023-03-21 - 2023-03-28,2026-07-09 - 2026-07-10,no
Ho Foods,2023-03-28,2023-05-30,2023-03-21 - 2023-03-28,2023-05-30 - 2023-07-13,no
Joe's of Avenue U,2023-03-28,2023-05-30,2023-03-21 - 2023-03-28,2023-05-30 - 2023-07-13,no
Katz's Delicatessen,2023-03-28,2025-04-05,2023-03-21 - 2023-03-28,2025-04-05 - 2025-04-18,no
Keens Steakhouse,2023-03-28,2023-05-30,2023-03-21 - 2023-03-28,2023-05-30 - 2023-07-13,no
Kopitiam,2023-03-28,2023-05-30,2023-03-21 - 2023-03-28,2023-05-30 - 2023-07-13,no
Le Bernardin,2023-03-28,2026-09-21,2023-03-21 - 2023-03-28,still on list,yes
Los Tacos No.1,2023-03-28,2023-05-30,2023-03-21 - 2023-03-28,2023-05-30 - 2023-07-13,no
Misi,2023-03-28,2025-07-02,2023-03-21 - 2023-03-28,2025-07-02 - 2025-07-08,no
Noz 17,2023-03-28,2023-11-28,2023-03-21 - 2023-03-28,2023-11-28 - 2024-01-13,no
Papaye,2023-03-28,2023-11-28,2023-03-21 - 2023-03-28,2023-11-28 - 2024-01-13,no
Raku,2023-03-28,2025-01-06,2023-03-21 - 2023-03-28,2025-01-06 - 2025-01-15,no
Roberto’s,2023-03-28,2025-09-29,2023-03-21 - 2023-03-28,2025-09-29 - 2025-10-08,no
Russ & Daughters Cafe,2023-03-28,2023-11-28,2023-03-21 - 2023-03-28,2023-11-28 - 2024-01-13,no
Sushi On Me,2023-03-28,2024-03-17,2023-03-21 - 2023-03-28,2024-03-17 - 2024-04-09,no
Sylvia’s,2023-03-28,2025-12-18,2023-03-21 - 2023-03-28,2025-12-18 - 2026-01-13,no
Szechuan Mountain House,2023-03-28,2023-11-28,2023-03-21 - 2023-03-28,2023-11-28 - 2024-01-13,no
Thai Diner,2023-03-28,2023-10-03,2023-03-21 - 2023-03-28,2023-10-03 - 2023-10-13,no
The Original Buddha Bodai Kosher Vegetarian Restaurant,2023-03-28,2023-05-30,2023-03-21 - 2023-03-28,2023-05-30 - 2023-07-13,no
Una Pizza Napoletana,2023-03-28,2026-09-21,2023-03-21 - 2023-03-28,still on list,yes
Via Carota,2023-03-28,2025-01-06,2023-03-21 - 2023-03-28,2025-01-06 - 2025-01-15,no
Bánh Mì Saigon,2023-07-13,2023-11-28,2023-05-30 - 2023-07-13,2023-11-28 - 2024-01-13,no
Ci Siamo,2023-07-13,2024-06-17,2023-05-30 - 2023-07-13,2024-06-17 - 2024-07-11,no
Dhamaka,2023-07-13,2023-11-28,2023-05-30 - 2023-07-13,2023-11-28 - 2024-01-13,no
Gallaghers Steakhouse,2023-07-13,2024-06-17,2023-05-30 - 2023-07-13,2024-06-17 - 2024-07-11,no
Mariscos El Submarino,2023-07-13,2025-01-06,2023-05-30 - 2023-07-13,2025-01-06 - 2025-01-15,no
S&P Lunch,2023-07-13,2025-09-29,2023-05-30 - 2023-07-13,2025-09-29 - 2025-10-08,no
Superiority Burger,2023-07-13,2026-09-21,2023-05-30 - 2023-07-13,still on list,yes
While in Kathmandu,2023-07-13,2023-11-28,2023-05-30 - 2023-07-13,2023-11-28 - 2024-01-13,no
A&A Bake Doubles and Roti,2023-10-13,2026-09-21,2023-10-03 - 2023-10-13,still on list,yes
Pranakhon,2023-10-13,2023-11-28,2023-10-03 - 2023-10-13,2023-11-28 - 2024-01-13,no
Win Son,2023-10-13,2024-10-07,2023-10-03 - 2023-10-13,2024-10-07 - 2024-10-10,no
Ayada,2024-01-13,2024-06-17,2023-11-28 - 2024-01-13,2024-06-17 - 2024-07-11,no
Café China,2024-01-13,2024-03-17,2023-11-28 - 2024-01-13,2024-03-17 - 2024-04-09,no
Hyderabadi Zaiqa,2024-01-13,2026-09-21,2023-11-28 - 2024-01-13,still on list,yes
Jongro Gopchang,2024-01-13,2024-03-17,2023-11-28 - 2024-01-13,2024-03-17 - 2024-04-09,no
Liebman’s Deli,2024-01-13,2025-04-05,2023-11-28 - 2024-01-13,2025-04-05 - 2025-04-18,no
Nepali Bhanchha Ghar,2024-01-13,2026-09-21,2023-11-28 - 2024-01-13,still on list,yes
Odeon,2024-01-13,2024-10-07,2023-11-28 - 2024-01-13,2024-10-07 - 2024-10-10,no
Semma,2024-01-13,2025-09-29,2023-11-28 - 2024-01-13,2025-09-29 - 2025-10-08,no
Tosokchon,2024-01-13,2024-06-17,2023-11-28 - 2024-01-13,2024-06-17 - 2024-07-11,no
Uncle Lou,2024-01-13,2024-06-17,2023-11-28 - 2024-01-13,2024-06-17 - 2024-07-11,no
Agnanti,2024-04-09,2024-06-17,2024-03-17 - 2024-04-09,2024-06-17 - 2024-07-11,no
Awang Kitchen,2024-04-09,2025-04-05,2024-03-17 - 2024-04-09,2025-04-05 - 2025-04-18,no
Mắm,2024-04-09,2026-09-21,2024-03-17 - 2024-04-09,still on list,yes
Uluh,2024-04-09,2025-01-06,2024-03-17 - 2024-04-09,2025-01-06 - 2025-01-15,no
Woorijip,2024-04-09,2024-06-17,2024-03-17 - 2024-04-09,2024-06-17 - 2024-07-11,no
Abuqir,2024-07-11,2026-09-21,2024-06-17 - 2024-07-11,still on list,yes
Bangkok Supper Club,2024-07-11,2024-10-07,2024-06-17 - 2024-07-11,2024-10-07 - 2024-10-10,no
Don Angie,2024-07-11,2025-04-05,2024-06-17 - 2024-07-11,2025-04-05 - 2025-04-18,no
Hamburger America,2024-07-11,2026-09-21,2024-06-17 - 2024-07-11,still on list,yes
Jongro BBQ,2024-07-11,2025-04-05,2024-06-17 - 2024-07-11,2025-04-05 - 2025-04-18,no
Keens Steakhouse,2024-07-11,2026-03-14,2024-06-17 - 2024-07-11,2026-03-14 - 2026-04-06,no
Monte's Trattoria,2024-07-11,2024-10-07,2024-06-17 - 2024-07-11,2024-10-07 - 2024-10-10,no
Royal Seafood,2024-07-11,2025-04-05,2024-06-17 - 2024-07-11,2025-04-05 - 2025-04-18,no
Cha Long,2024-10-10,2025-12-18,2024-10-07 - 2024-10-10,2025-12-18 - 2026-01-13,no
Ho Foods,2024-10-10,2026-03-14,2024-10-07 - 2024-10-10,2026-03-14 - 2026-04-06,no
Kanyakumari,2024-10-10,2025-07-02,2024-10-07 - 2024-10-10,2025-07-02 - 2025-07-08,no
Le Gratin,2024-10-10,2025-01-06,2024-10-07 - 2024-10-10,2025-01-06 - 2025-01-15,no
Cafe Boulud,2025-01-15,2025-09-29,2025-01-06 - 2025-01-15,2025-09-29 - 2025-10-08,no
Cafe Kestrel,2025-01-15,2025-09-29,2025-01-06 - 2025-01-15,2025-09-29 - 2025-10-08,no
I Sodi,2025-01-15,2025-07-02,2025-01-06 - 2025-01-15,2025-07-02 - 2025-07-08,no
Kisa,2025-01-15,2025-09-29,2025-01-06 - 2025-01-15,2025-09-29 - 2025-10-08,no
Le Veau d’Or,2025-01-15,2026-09-21,2025-01-06 - 2025-01-15,still on list,yes
Sailor,2025-01-15,2026-03-14,2025-01-06 - 2025-01-15,2026-03-14 - 2026-04-06,no
Sky Pavilion,2025-01-15,2026-09-21,2025-01-06 - 2025-01-15,still on list,yes
2nd Ave Deli,2025-04-18,2025-12-18,2025-04-05 - 2025-04-18,2025-12-18 - 2026-01-13,no
Ayat,2025-04-18,2025-12-18,2025-04-05 - 2025-04-18,2025-12-18 - 2026-01-13,no
Carnitas Ramirez,2025-04-18,2026-09-21,2025-04-05 - 2025-04-18,still on list,yes
Golden Diner,2025-04-18,2026-09-21,2025-04-05 - 2025-04-18,still on list,yes
Noz Market,2025-04-18,2026-09-21,2025-04-05 - 2025-04-18,still on list,yes
Rolo’s,2025-04-18,2026-09-21,2025-04-05 - 2025-04-18,still on list,yes
Saint Julivert,2025-04-18,2025-07-02,2025-04-05 - 2025-04-18,2025-07-02 - 2025-07-08,no
Zaab Zaab,2025-04-18,2026-09-21,2025-04-05 - 2025-04-18,still on list,yes
Claud,2025-07-08,2026-09-21,2025-07-02 - 2025-07-08,still on list,yes
Lilia,2025-07-08,2026-09-21,2025-07-02 - 2025-07-08,still on list,yes
Txikito,2025-07-08,2026-03-14,2025-07-02 - 2025-07-08,2026-03-14 - 2026-04-06,no
Via Carota,2025-07-08,2026-07-09,2025-07-02 - 2025-07-08,2026-07-09 - 2026-07-10,no
Adda,2025-10-08,2026-09-21,2025-09-29 - 2025-10-08,still on list,yes
Cafe Commerce,2025-10-08,2026-07-09,2025-09-29 - 2025-10-08,2026-07-09 - 2026-07-10,no
La Piraña Lechonera,2025-10-08,2026-09-21,2025-09-29 - 2025-10-08,still on list,yes
Red Hook Tavern,2025-10-08,2026-07-09,2025-09-29 - 2025-10-08,2026-07-09 - 2026-07-10,no
Restaurant Daniel,2025-10-08,2026-03-14,2025-09-29 - 2025-10-08,2026-03-14 - 2026-04-06,no
Sunn’s,2025-10-08,2026-09-21,2025-09-29 - 2025-10-08,still on list,yes
Al Badawi,2026-01-13,2026-09-21,2025-12-18 - 2026-01-13,still on list,yes
Bong,2026-01-13,2026-09-21,2025-12-18 - 2026-01-13,still on list,yes
Charles Pan-Fried Chicken,2026-01-13,2026-07-09,2025-12-18 - 2026-01-13,2026-07-09 - 2026-07-10,no
Kabawa,2026-01-13,2026-09-21,2025-12-18 - 2026-01-13,still on list,yes
Borgo,2026-04-06,2026-09-21,2026-03-14 - 2026-04-06,still on list,yes
Ernesto’s,2026-04-06,2026-09-21,2026-03-14 - 2026-04-06,still on list,yes
Filé Gumbo Bar,2026-04-06,2026-09-21,2026-03-14 - 2026-04-06,still on list,yes
Gallaghers Steakhouse,2026-04-06,2026-09-21,2026-03-14 - 2026-04-06,still on list,yes
Lei,2026-04-06,2026-09-21,2026-03-14 - 2026-04-06,still on list,yes
Crevette,2026-07-10,2026-09-21,2026-07-09 - 2026-07-10,still on list,yes
Makina Cafe Ethiopian-Eritrean Eatery,2026-07-10,2026-09-21,2026-07-09 - 2026-07-10,still on list,yes
S&P Lunch,2026-07-10,2026-09-21,2026-07-09 - 2026-07-10,still on list,yes
Smithereens,2026-07-10,2026-09-21,2026-07-09 - 2026-07-10,still on list,yes
Vato,2026-07-10,2026-09-21,2026-07-09 - 2026-07-10,still on list,yes
Zimmi’s,2026-07-10,2026-09-21,2026-07-09 - 2026-07-10,still on list,yes
Coqodaq,2026-08-13,2026-09-21,2026-08-13 - 2026-08-13,still on list,yes
